?cls	?def	?xrefs
<https://github.com/bmir-radx/radsav/RADSAV_0000109>		
<https://github.com/bmir-radx/radsav/RADSAV_0000004>		
<https://github.com/bmir-radx/radsav/RADSAV_0000016>		
<https://github.com/bmir-radx/radsav/RADSAV_0000028>		
<https://github.com/bmir-radx/radsav/RADSAV_0000137>		
<https://github.com/bmir-radx/radsav/RADSAV_0000125>		
<https://github.com/bmir-radx/radsav/RADSAV_0000113>		
<https://github.com/bmir-radx/radsav/RADSAV_0000068>		
<https://github.com/bmir-radx/radsav/RADSAV_0000101>		
<https://github.com/bmir-radx/radsav/RADSAV_0000056>		
<https://github.com/bmir-radx/radsav/RADSAV_0000044>		
<https://github.com/bmir-radx/radsav/RADSAV_0000032>		
<https://github.com/bmir-radx/radsav/RADSAV_0000020>		
<https://github.com/bmir-radx/radsav/RADSAV_0000095>		
<https://github.com/bmir-radx/radsav/RADSAV_0000083>		
<https://github.com/bmir-radx/radsav/RADSAV_0000071>		
<https://github.com/bmir-radx/radsav/RADSAV_0000108>		
<https://github.com/bmir-radx/radsav/RADSAV_0000003>		
<https://github.com/bmir-radx/radsav/RADSAV_0000015>		
<https://github.com/bmir-radx/radsav/RADSAV_0000039>		
<https://github.com/bmir-radx/radsav/RADSAV_0000027>		
<https://github.com/bmir-radx/radsav/RADSAV_0000136>		
<https://github.com/bmir-radx/radsav/RADSAV_0000124>		
<https://github.com/bmir-radx/radsav/RADSAV_0000079>		
<https://github.com/bmir-radx/radsav/RADSAV_0000112>		
<https://github.com/bmir-radx/radsav/RADSAV_0000067>		
<https://github.com/bmir-radx/radsav/RADSAV_0000100>		
<https://github.com/bmir-radx/radsav/RADSAV_0000055>		
<https://github.com/bmir-radx/radsav/RADSAV_0000043>		
<https://github.com/bmir-radx/radsav/RADSAV_0000031>		
<https://github.com/bmir-radx/radsav/RADSAV_0000030>		
<https://github.com/bmir-radx/radsav/RADSAV_0000094>		
<https://github.com/bmir-radx/radsav/RADSAV_0000082>		
<https://github.com/bmir-radx/radsav/RADSAV_0000070>		
<https://github.com/bmir-radx/radsav/RADSAV_0000010>		
<https://github.com/bmir-radx/radsav/RADSAV_0000127>		
<https://github.com/bmir-radx/radsav/RADSAV_0000006>		
<https://github.com/bmir-radx/radsav/RADSAV_0000115>		
<https://github.com/bmir-radx/radsav/RADSAV_0000103>		
<https://github.com/bmir-radx/radsav/RADSAV_0000018>		
<https://github.com/bmir-radx/radsav/RADSAV_0000058>		
<https://github.com/bmir-radx/radsav/RADSAV_0000046>		
<https://github.com/bmir-radx/radsav/RADSAV_0000034>		
<https://github.com/bmir-radx/radsav/RADSAV_0000022>		
<https://github.com/bmir-radx/radsav/RADSAV_0000098>		
<https://github.com/bmir-radx/radsav/RADSAV_0000131>		
<https://github.com/bmir-radx/radsav/RADSAV_0000086>		
<https://github.com/bmir-radx/radsav/RADSAV_0000085>		
<https://github.com/bmir-radx/radsav/RADSAV_0000073>		
<https://github.com/bmir-radx/radsav/RADSAV_0000061>		
<https://github.com/bmir-radx/radsav/RADSAV_0000029>		
<https://github.com/bmir-radx/radsav/RADSAV_0000005>		
<https://github.com/bmir-radx/radsav/RADSAV_0000017>		
<https://github.com/bmir-radx/radsav/RADSAV_0000126>		
<https://github.com/bmir-radx/radsav/RADSAV_0000114>		
<https://github.com/bmir-radx/radsav/RADSAV_0000102>		
<https://github.com/bmir-radx/radsav/RADSAV_0000069>		
<https://github.com/bmir-radx/radsav/RADSAV_0000057>		
<https://github.com/bmir-radx/radsav/RADSAV_0000045>		
<https://github.com/bmir-radx/radsav/RADSAV_0000033>		
<https://github.com/bmir-radx/radsav/RADSAV_0000021>		
<https://github.com/bmir-radx/radsav/RADSAV_0000097>		
<https://github.com/bmir-radx/radsav/RADSAV_0000130>		
<https://github.com/bmir-radx/radsav/RADSAV_0000096>		
<https://github.com/bmir-radx/radsav/RADSAV_0000084>		
<https://github.com/bmir-radx/radsav/RADSAV_0000072>		
<https://github.com/bmir-radx/radsav/RADSAV_0000060>		
<https://github.com/bmir-radx/radsav/RADSAV_0000012>		
<https://github.com/bmir-radx/radsav/RADSAV_0000129>		
<https://github.com/bmir-radx/radsav/RADSAV_0000117>		
<https://github.com/bmir-radx/radsav/RADSAV_0000105>		
<https://github.com/bmir-radx/radsav/RADSAV_0000048>		
<https://github.com/bmir-radx/radsav/RADSAV_0000008>		
<https://github.com/bmir-radx/radsav/RADSAV_0000036>		
<https://github.com/bmir-radx/radsav/RADSAV_0000024>		
<https://github.com/bmir-radx/radsav/RADSAV_0000133>		
<https://github.com/bmir-radx/radsav/RADSAV_0000121>		
<https://github.com/bmir-radx/radsav/RADSAV_0000088>		
<https://github.com/bmir-radx/radsav/RADSAV_0000076>		
<https://github.com/bmir-radx/radsav/RADSAV_0000064>		
<https://github.com/bmir-radx/radsav/RADSAV_0000063>		
<https://github.com/bmir-radx/radsav/RADSAV_0000051>		
<https://github.com/bmir-radx/radsav/RADSAV_0000091>		
<https://github.com/bmir-radx/radsav/RADSAV_0000011>		
<https://github.com/bmir-radx/radsav/RADSAV_0000128>		
<https://github.com/bmir-radx/radsav/RADSAV_0000116>		
<https://github.com/bmir-radx/radsav/RADSAV_0000104>		
<https://github.com/bmir-radx/radsav/RADSAV_0000059>		
<https://github.com/bmir-radx/radsav/RADSAV_0000007>		
<https://github.com/bmir-radx/radsav/RADSAV_0000047>		
<https://github.com/bmir-radx/radsav/RADSAV_0000019>		
<https://github.com/bmir-radx/radsav/RADSAV_0000035>		
<https://github.com/bmir-radx/radsav/RADSAV_0000023>		
<https://github.com/bmir-radx/radsav/RADSAV_0000132>		
<https://github.com/bmir-radx/radsav/RADSAV_0000099>		
<https://github.com/bmir-radx/radsav/RADSAV_0000120>		
<https://github.com/bmir-radx/radsav/RADSAV_0000087>		
<https://github.com/bmir-radx/radsav/RADSAV_0000075>		
<https://github.com/bmir-radx/radsav/RADSAV_0000074>		
<https://github.com/bmir-radx/radsav/RADSAV_0000062>		
<https://github.com/bmir-radx/radsav/RADSAV_0000050>		
<https://github.com/bmir-radx/radsav/RADSAV_0000090>		
<https://github.com/bmir-radx/radsav/RADSAV_0000119>		
<https://github.com/bmir-radx/radsav/RADSAV_0000002>		
<https://github.com/bmir-radx/radsav/RADSAV_0000107>		
<https://github.com/bmir-radx/radsav/RADSAV_0000014>		
<https://github.com/bmir-radx/radsav/RADSAV_0000038>		
<https://github.com/bmir-radx/radsav/RADSAV_0000026>		
<https://github.com/bmir-radx/radsav/RADSAV_0000135>		
<https://github.com/bmir-radx/radsav/RADSAV_0000123>		
<https://github.com/bmir-radx/radsav/RADSAV_0000078>		
<https://github.com/bmir-radx/radsav/RADSAV_0000111>		
<https://github.com/bmir-radx/radsav/RADSAV_0000066>		
<https://github.com/bmir-radx/radsav/RADSAV_0000054>		
<https://github.com/bmir-radx/radsav/RADSAV_0000042>		
<https://github.com/bmir-radx/radsav/RADSAV_0000041>		
<https://github.com/bmir-radx/radsav/RADSAV_0000093>		
<https://github.com/bmir-radx/radsav/RADSAV_0000081>		
<https://github.com/bmir-radx/radsav/RADSAV_0000001>		
<https://github.com/bmir-radx/radsav/RADSAV_0000013>		
<https://github.com/bmir-radx/radsav/RADSAV_0000118>		
<https://github.com/bmir-radx/radsav/RADSAV_0000106>		
<https://github.com/bmir-radx/radsav/RADSAV_0000049>		
<https://github.com/bmir-radx/radsav/RADSAV_0000037>		
<https://github.com/bmir-radx/radsav/RADSAV_0000025>		
<https://github.com/bmir-radx/radsav/RADSAV_0000009>		
<https://github.com/bmir-radx/radsav/RADSAV_0000134>		
<https://github.com/bmir-radx/radsav/RADSAV_0000122>		
<https://github.com/bmir-radx/radsav/RADSAV_0000089>		
<https://github.com/bmir-radx/radsav/RADSAV_0000110>		
<https://github.com/bmir-radx/radsav/RADSAV_0000077>		
<https://github.com/bmir-radx/radsav/RADSAV_0000065>		
<https://github.com/bmir-radx/radsav/RADSAV_0000053>		
<https://github.com/bmir-radx/radsav/RADSAV_0000052>		
<https://github.com/bmir-radx/radsav/RADSAV_0000040>		
<https://github.com/bmir-radx/radsav/RADSAV_0000092>		
<https://github.com/bmir-radx/radsav/RADSAV_0000080>		
