?x	?p	?y
<https://github.com/bmir-radx/radsav/RADSAV_0000003>	<http://www.w3.org/2000/01/rdf-schema#subClassOf>	<https://github.com/bmir-radx/radsav/RADSAV_0000052>
<https://github.com/bmir-radx/radsav/RADSAV_0000024>	<http://www.w3.org/2000/01/rdf-schema#subClassOf>	<https://github.com/bmir-radx/radsav/RADSAV_0000034>
<https://github.com/bmir-radx/radsav/RADSAV_0000015>	<http://www.w3.org/2000/01/rdf-schema#subClassOf>	<https://github.com/bmir-radx/radsav/RADSAV_0000100>
<https://github.com/bmir-radx/radsav/RADSAV_0000137>	<http://www.w3.org/2000/01/rdf-schema#subClassOf>	<https://github.com/bmir-radx/radsav/RADSAV_0000119>
<https://github.com/bmir-radx/radsav/RADSAV_0000077>	<http://www.w3.org/2000/01/rdf-schema#subClassOf>	<https://github.com/bmir-radx/radsav/RADSAV_0000119>
<https://github.com/bmir-radx/radsav/RADSAV_0000005>	<http://www.w3.org/2000/01/rdf-schema#subClassOf>	<https://github.com/bmir-radx/radsav/RADSAV_0000019>
<https://github.com/bmir-radx/radsav/RADSAV_0000051>	<http://www.w3.org/2000/01/rdf-schema#subClassOf>	<https://github.com/bmir-radx/radsav/RADSAV_0000119>
<https://github.com/bmir-radx/radsav/RADSAV_0000124>	<http://www.w3.org/2000/01/rdf-schema#subClassOf>	<https://github.com/bmir-radx/radsav/RADSAV_0000037>
<https://github.com/bmir-radx/radsav/RADSAV_0000108>	<http://www.w3.org/2000/01/rdf-schema#subClassOf>	<https://github.com/bmir-radx/radsav/RADSAV_0000067>
<https://github.com/bmir-radx/radsav/RADSAV_0000076>	<http://www.w3.org/2000/01/rdf-schema#subClassOf>	<https://github.com/bmir-radx/radsav/RADSAV_0000037>
<https://github.com/bmir-radx/radsav/RADSAV_0000013>	<http://www.w3.org/2000/01/rdf-schema#subClassOf>	<https://github.com/bmir-radx/radsav/RADSAV_0000037>
<https://github.com/bmir-radx/radsav/RADSAV_0000048>	<http://www.w3.org/2000/01/rdf-schema#subClassOf>	<https://github.com/bmir-radx/radsav/RADSAV_0000047>
<https://github.com/bmir-radx/radsav/RADSAV_0000008>	<http://www.w3.org/2000/01/rdf-schema#subClassOf>	<https://github.com/bmir-radx/radsav/RADSAV_0000056>
<https://github.com/bmir-radx/radsav/RADSAV_0000104>	<http://www.w3.org/2000/01/rdf-schema#subClassOf>	<https://github.com/bmir-radx/radsav/RADSAV_0000119>
<https://github.com/bmir-radx/radsav/RADSAV_0000011>	<http://www.w3.org/2000/01/rdf-schema#subClassOf>	<https://github.com/bmir-radx/radsav/RADSAV_0000070>
<https://github.com/bmir-radx/radsav/RADSAV_0000067>	<http://www.w3.org/2000/01/rdf-schema#subClassOf>	<https://github.com/bmir-radx/radsav/RADSAV_0000120>
<https://github.com/bmir-radx/radsav/RADSAV_0000026>	<http://www.w3.org/2000/01/rdf-schema#subClassOf>	<https://github.com/bmir-radx/radsav/RADSAV_0000119>
<https://github.com/bmir-radx/radsav/RADSAV_0000040>	<http://www.w3.org/2000/01/rdf-schema#subClassOf>	<https://github.com/bmir-radx/radsav/RADSAV_0000037>
<https://github.com/bmir-radx/radsav/RADSAV_0000110>	<http://www.w3.org/2000/01/rdf-schema#subClassOf>	<https://github.com/bmir-radx/radsav/RADSAV_0000052>
<https://github.com/bmir-radx/radsav/RADSAV_0000010>	<http://www.w3.org/2000/01/rdf-schema#subClassOf>	<https://github.com/bmir-radx/radsav/RADSAV_0000034>
<https://github.com/bmir-radx/radsav/RADSAV_0000036>	<http://www.w3.org/2000/01/rdf-schema#subClassOf>	<https://github.com/bmir-radx/radsav/RADSAV_0000130>
<https://github.com/bmir-radx/radsav/RADSAV_0000032>	<http://www.w3.org/2000/01/rdf-schema#subClassOf>	<https://github.com/bmir-radx/radsav/RADSAV_0000047>
<https://github.com/bmir-radx/radsav/RADSAV_0000037>	<http://www.w3.org/2000/01/rdf-schema#subClassOf>	<https://github.com/bmir-radx/radsav/RADSAV_0000070>
<https://github.com/bmir-radx/radsav/RADSAV_0000085>	<http://www.w3.org/2000/01/rdf-schema#subClassOf>	<https://github.com/bmir-radx/radsav/RADSAV_0000046>
<https://github.com/bmir-radx/radsav/RADSAV_0000086>	<http://www.w3.org/2000/01/rdf-schema#subClassOf>	<https://github.com/bmir-radx/radsav/RADSAV_0000042>
<https://github.com/bmir-radx/radsav/RADSAV_0000061>	<http://www.w3.org/2000/01/rdf-schema#subClassOf>	<https://github.com/bmir-radx/radsav/RADSAV_0000120>
<https://github.com/bmir-radx/radsav/RADSAV_0000058>	<http://www.w3.org/2000/01/rdf-schema#subClassOf>	<https://github.com/bmir-radx/radsav/RADSAV_0000126>
<https://github.com/bmir-radx/radsav/RADSAV_0000002>	<http://www.w3.org/2000/01/rdf-schema#subClassOf>	<https://github.com/bmir-radx/radsav/RADSAV_0000056>
<https://github.com/bmir-radx/radsav/RADSAV_0000101>	<http://www.w3.org/2000/01/rdf-schema#subClassOf>	<https://github.com/bmir-radx/radsav/RADSAV_0000133>
<https://github.com/bmir-radx/radsav/RADSAV_0000084>	<http://www.w3.org/2000/01/rdf-schema#subClassOf>	<https://github.com/bmir-radx/radsav/RADSAV_0000019>
<https://github.com/bmir-radx/radsav/RADSAV_0000050>	<http://www.w3.org/2000/01/rdf-schema#subClassOf>	<https://github.com/bmir-radx/radsav/RADSAV_0000034>
<https://github.com/bmir-radx/radsav/RADSAV_0000038>	<http://www.w3.org/2000/01/rdf-schema#subClassOf>	<https://github.com/bmir-radx/radsav/RADSAV_0000037>
<https://github.com/bmir-radx/radsav/RADSAV_0000027>	<http://www.w3.org/2000/01/rdf-schema#subClassOf>	<https://github.com/bmir-radx/radsav/RADSAV_0000034>
<https://github.com/bmir-radx/radsav/RADSAV_0000112>	<http://www.w3.org/2000/01/rdf-schema#subClassOf>	<https://github.com/bmir-radx/radsav/RADSAV_0000037>
<https://github.com/bmir-radx/radsav/RADSAV_0000121>	<http://www.w3.org/2000/01/rdf-schema#subClassOf>	<https://github.com/bmir-radx/radsav/RADSAV_0000009>
<https://github.com/bmir-radx/radsav/RADSAV_0000123>	<http://www.w3.org/2000/01/rdf-schema#subClassOf>	<https://github.com/bmir-radx/radsav/RADSAV_0000047>
<https://github.com/bmir-radx/radsav/RADSAV_0000060>	<http://www.w3.org/2000/01/rdf-schema#subClassOf>	<https://github.com/bmir-radx/radsav/RADSAV_0000126>
<https://github.com/bmir-radx/radsav/RADSAV_0000075>	<http://www.w3.org/2000/01/rdf-schema#subClassOf>	<https://github.com/bmir-radx/radsav/RADSAV_0000126>
<https://github.com/bmir-radx/radsav/RADSAV_0000073>	<http://www.w3.org/2000/01/rdf-schema#subClassOf>	<https://github.com/bmir-radx/radsav/RADSAV_0000020>
<https://github.com/bmir-radx/radsav/RADSAV_0000087>	<http://www.w3.org/2000/01/rdf-schema#subClassOf>	<https://github.com/bmir-radx/radsav/RADSAV_0000020>
<https://github.com/bmir-radx/radsav/RADSAV_0000081>	<http://www.w3.org/2000/01/rdf-schema#subClassOf>	<https://github.com/bmir-radx/radsav/RADSAV_0000119>
<https://github.com/bmir-radx/radsav/RADSAV_0000030>	<http://www.w3.org/2000/01/rdf-schema#subClassOf>	<https://github.com/bmir-radx/radsav/RADSAV_0000011>
<https://github.com/bmir-radx/radsav/RADSAV_0000115>	<http://www.w3.org/2000/01/rdf-schema#subClassOf>	<https://github.com/bmir-radx/radsav/RADSAV_0000056>
<https://github.com/bmir-radx/radsav/RADSAV_0000129>	<http://www.w3.org/2000/01/rdf-schema#subClassOf>	<https://github.com/bmir-radx/radsav/RADSAV_0000128>
<https://github.com/bmir-radx/radsav/RADSAV_0000088>	<http://www.w3.org/2000/01/rdf-schema#subClassOf>	<https://github.com/bmir-radx/radsav/RADSAV_0000020>
<https://github.com/bmir-radx/radsav/RADSAV_0000063>	<http://www.w3.org/2000/01/rdf-schema#subClassOf>	<https://github.com/bmir-radx/radsav/RADSAV_0000126>
<https://github.com/bmir-radx/radsav/RADSAV_0000044>	<http://www.w3.org/2000/01/rdf-schema#subClassOf>	<https://github.com/bmir-radx/radsav/RADSAV_0000034>
<https://github.com/bmir-radx/radsav/RADSAV_0000018>	<http://www.w3.org/2000/01/rdf-schema#subClassOf>	<https://github.com/bmir-radx/radsav/RADSAV_0000067>
<https://github.com/bmir-radx/radsav/RADSAV_0000028>	<http://www.w3.org/2000/01/rdf-schema#subClassOf>	<https://github.com/bmir-radx/radsav/RADSAV_0000046>
<https://github.com/bmir-radx/radsav/RADSAV_0000073>	<http://www.w3.org/2000/01/rdf-schema#subClassOf>	<https://github.com/bmir-radx/radsav/RADSAV_0000018>
<https://github.com/bmir-radx/radsav/RADSAV_0000100>	<http://www.w3.org/2000/01/rdf-schema#subClassOf>	<https://github.com/bmir-radx/radsav/RADSAV_0000120>
<https://github.com/bmir-radx/radsav/RADSAV_0000047>	<http://www.w3.org/2000/01/rdf-schema#subClassOf>	<https://github.com/bmir-radx/radsav/RADSAV_0000029>
<https://github.com/bmir-radx/radsav/RADSAV_0000117>	<http://www.w3.org/2000/01/rdf-schema#subClassOf>	<https://github.com/bmir-radx/radsav/RADSAV_0000034>
<https://github.com/bmir-radx/radsav/RADSAV_0000095>	<http://www.w3.org/2000/01/rdf-schema#subClassOf>	<https://github.com/bmir-radx/radsav/RADSAV_0000034>
<https://github.com/bmir-radx/radsav/RADSAV_0000082>	<http://www.w3.org/2000/01/rdf-schema#subClassOf>	<https://github.com/bmir-radx/radsav/RADSAV_0000119>
<https://github.com/bmir-radx/radsav/RADSAV_0000107>	<http://www.w3.org/2000/01/rdf-schema#subClassOf>	<https://github.com/bmir-radx/radsav/RADSAV_0000047>
<https://github.com/bmir-radx/radsav/RADSAV_0000105>	<http://www.w3.org/2000/01/rdf-schema#subClassOf>	<https://github.com/bmir-radx/radsav/RADSAV_0000034>
<https://github.com/bmir-radx/radsav/RADSAV_0000116>	<http://www.w3.org/2000/01/rdf-schema#subClassOf>	<https://github.com/bmir-radx/radsav/RADSAV_0000047>
<https://github.com/bmir-radx/radsav/RADSAV_0000054>	<http://www.w3.org/2000/01/rdf-schema#subClassOf>	<https://github.com/bmir-radx/radsav/RADSAV_0000034>
<https://github.com/bmir-radx/radsav/RADSAV_0000068>	<http://www.w3.org/2000/01/rdf-schema#subClassOf>	<https://github.com/bmir-radx/radsav/RADSAV_0000108>
<https://github.com/bmir-radx/radsav/RADSAV_0000070>	<http://www.w3.org/2000/01/rdf-schema#subClassOf>	<https://github.com/bmir-radx/radsav/RADSAV_0000120>
<https://github.com/bmir-radx/radsav/RADSAV_0000069>	<http://www.w3.org/2000/01/rdf-schema#subClassOf>	<https://github.com/bmir-radx/radsav/RADSAV_0000133>
<https://github.com/bmir-radx/radsav/RADSAV_0000056>	<http://www.w3.org/2000/01/rdf-schema#subClassOf>	<https://github.com/bmir-radx/radsav/RADSAV_0000052>
<https://github.com/bmir-radx/radsav/RADSAV_0000109>	<http://www.w3.org/2000/01/rdf-schema#subClassOf>	<https://github.com/bmir-radx/radsav/RADSAV_0000126>
<https://github.com/bmir-radx/radsav/RADSAV_0000007>	<http://www.w3.org/2000/01/rdf-schema#subClassOf>	<https://github.com/bmir-radx/radsav/RADSAV_0000008>
<https://github.com/bmir-radx/radsav/RADSAV_0000134>	<http://www.w3.org/2000/01/rdf-schema#subClassOf>	<https://github.com/bmir-radx/radsav/RADSAV_0000048>
<https://github.com/bmir-radx/radsav/RADSAV_0000080>	<http://www.w3.org/2000/01/rdf-schema#subClassOf>	<https://github.com/bmir-radx/radsav/RADSAV_0000034>
<https://github.com/bmir-radx/radsav/RADSAV_0000099>	<http://www.w3.org/2000/01/rdf-schema#subClassOf>	<https://github.com/bmir-radx/radsav/RADSAV_0000037>
<https://github.com/bmir-radx/radsav/RADSAV_0000135>	<http://www.w3.org/2000/01/rdf-schema#subClassOf>	<https://github.com/bmir-radx/radsav/RADSAV_0000042>
<https://github.com/bmir-radx/radsav/RADSAV_0000039>	<http://www.w3.org/2000/01/rdf-schema#subClassOf>	<https://github.com/bmir-radx/radsav/RADSAV_0000133>
<https://github.com/bmir-radx/radsav/RADSAV_0000127>	<http://www.w3.org/2000/01/rdf-schema#subClassOf>	<https://github.com/bmir-radx/radsav/RADSAV_0000019>
<https://github.com/bmir-radx/radsav/RADSAV_0000118>	<http://www.w3.org/2000/01/rdf-schema#subClassOf>	<https://github.com/bmir-radx/radsav/RADSAV_0000120>
<https://github.com/bmir-radx/radsav/RADSAV_0000045>	<http://www.w3.org/2000/01/rdf-schema#subClassOf>	<https://github.com/bmir-radx/radsav/RADSAV_0000034>
<https://github.com/bmir-radx/radsav/RADSAV_0000012>	<http://www.w3.org/2000/01/rdf-schema#subClassOf>	<https://github.com/bmir-radx/radsav/RADSAV_0000029>
<https://github.com/bmir-radx/radsav/RADSAV_0000033>	<http://www.w3.org/2000/01/rdf-schema#subClassOf>	<https://github.com/bmir-radx/radsav/RADSAV_0000046>
<https://github.com/bmir-radx/radsav/RADSAV_0000042>	<http://www.w3.org/2000/01/rdf-schema#subClassOf>	<https://github.com/bmir-radx/radsav/RADSAV_0000070>
<https://github.com/bmir-radx/radsav/RADSAV_0000128>	<http://www.w3.org/2000/01/rdf-schema#subClassOf>	<https://github.com/bmir-radx/radsav/RADSAV_0000070>
<https://github.com/bmir-radx/radsav/RADSAV_0000017>	<http://www.w3.org/2000/01/rdf-schema#subClassOf>	<https://github.com/bmir-radx/radsav/RADSAV_0000100>
<https://github.com/bmir-radx/radsav/RADSAV_0000098>	<http://www.w3.org/2000/01/rdf-schema#subClassOf>	<https://github.com/bmir-radx/radsav/RADSAV_0000034>
<https://github.com/bmir-radx/radsav/RADSAV_0000035>	<http://www.w3.org/2000/01/rdf-schema#subClassOf>	<https://github.com/bmir-radx/radsav/RADSAV_0000130>
<https://github.com/bmir-radx/radsav/RADSAV_0000020>	<http://www.w3.org/2000/01/rdf-schema#subClassOf>	<https://github.com/bmir-radx/radsav/RADSAV_0000120>
<https://github.com/bmir-radx/radsav/RADSAV_0000059>	<http://www.w3.org/2000/01/rdf-schema#subClassOf>	<https://github.com/bmir-radx/radsav/RADSAV_0000034>
<https://github.com/bmir-radx/radsav/RADSAV_0000106>	<http://www.w3.org/2000/01/rdf-schema#subClassOf>	<https://github.com/bmir-radx/radsav/RADSAV_0000037>
<https://github.com/bmir-radx/radsav/RADSAV_0000016>	<http://www.w3.org/2000/01/rdf-schema#subClassOf>	<https://github.com/bmir-radx/radsav/RADSAV_0000100>
<https://github.com/bmir-radx/radsav/RADSAV_0000136>	<http://www.w3.org/2000/01/rdf-schema#subClassOf>	<https://github.com/bmir-radx/radsav/RADSAV_0000047>
<https://github.com/bmir-radx/radsav/RADSAV_0000064>	<http://www.w3.org/2000/01/rdf-schema#subClassOf>	<https://github.com/bmir-radx/radsav/RADSAV_0000034>
<https://github.com/bmir-radx/radsav/RADSAV_0000046>	<http://www.w3.org/2000/01/rdf-schema#subClassOf>	<https://github.com/bmir-radx/radsav/RADSAV_0000119>
<https://github.com/bmir-radx/radsav/RADSAV_0000062>	<http://www.w3.org/2000/01/rdf-schema#subClassOf>	<https://github.com/bmir-radx/radsav/RADSAV_0000034>
<https://github.com/bmir-radx/radsav/RADSAV_0000122>	<http://www.w3.org/2000/01/rdf-schema#subClassOf>	<https://github.com/bmir-radx/radsav/RADSAV_0000034>
<https://github.com/bmir-radx/radsav/RADSAV_0000006>	<http://www.w3.org/2000/01/rdf-schema#subClassOf>	<https://github.com/bmir-radx/radsav/RADSAV_0000120>
<https://github.com/bmir-radx/radsav/RADSAV_0000004>	<http://www.w3.org/2000/01/rdf-schema#subClassOf>	<https://github.com/bmir-radx/radsav/RADSAV_0000019>
<https://github.com/bmir-radx/radsav/RADSAV_0000114>	<http://www.w3.org/2000/01/rdf-schema#subClassOf>	<https://github.com/bmir-radx/radsav/RADSAV_0000100>
<https://github.com/bmir-radx/radsav/RADSAV_0000043>	<http://www.w3.org/2000/01/rdf-schema#subClassOf>	<https://github.com/bmir-radx/radsav/RADSAV_0000019>
<https://github.com/bmir-radx/radsav/RADSAV_0000014>	<http://www.w3.org/2000/01/rdf-schema#subClassOf>	<https://github.com/bmir-radx/radsav/RADSAV_0000019>
<https://github.com/bmir-radx/radsav/RADSAV_0000092>	<http://www.w3.org/2000/01/rdf-schema#subClassOf>	<https://github.com/bmir-radx/radsav/RADSAV_0000026>
<https://github.com/bmir-radx/radsav/RADSAV_0000131>	<http://www.w3.org/2000/01/rdf-schema#subClassOf>	<https://github.com/bmir-radx/radsav/RADSAV_0000018>
<https://github.com/bmir-radx/radsav/RADSAV_0000049>	<http://www.w3.org/2000/01/rdf-schema#subClassOf>	<https://github.com/bmir-radx/radsav/RADSAV_0000052>
<https://github.com/bmir-radx/radsav/RADSAV_0000111>	<http://www.w3.org/2000/01/rdf-schema#subClassOf>	<https://github.com/bmir-radx/radsav/RADSAV_0000037>
<https://github.com/bmir-radx/radsav/RADSAV_0000102>	<http://www.w3.org/2000/01/rdf-schema#subClassOf>	<https://github.com/bmir-radx/radsav/RADSAV_0000034>
<https://github.com/bmir-radx/radsav/RADSAV_0000025>	<http://www.w3.org/2000/01/rdf-schema#subClassOf>	<https://github.com/bmir-radx/radsav/RADSAV_0000026>
<https://github.com/bmir-radx/radsav/RADSAV_0000023>	<http://www.w3.org/2000/01/rdf-schema#subClassOf>	<https://github.com/bmir-radx/radsav/RADSAV_0000003>
<https://github.com/bmir-radx/radsav/RADSAV_0000031>	<http://www.w3.org/2000/01/rdf-schema#subClassOf>	<https://github.com/bmir-radx/radsav/RADSAV_0000120>
<https://github.com/bmir-radx/radsav/RADSAV_0000103>	<http://www.w3.org/2000/01/rdf-schema#subClassOf>	<https://github.com/bmir-radx/radsav/RADSAV_0000034>
<https://github.com/bmir-radx/radsav/RADSAV_0000041>	<http://www.w3.org/2000/01/rdf-schema#subClassOf>	<https://github.com/bmir-radx/radsav/RADSAV_0000047>
<https://github.com/bmir-radx/radsav/RADSAV_0000093>	<http://www.w3.org/2000/01/rdf-schema#subClassOf>	<https://github.com/bmir-radx/radsav/RADSAV_0000003>
<https://github.com/bmir-radx/radsav/RADSAV_0000090>	<http://www.w3.org/2000/01/rdf-schema#subClassOf>	<https://github.com/bmir-radx/radsav/RADSAV_0000037>
<https://github.com/bmir-radx/radsav/RADSAV_0000065>	<http://www.w3.org/2000/01/rdf-schema#subClassOf>	<https://github.com/bmir-radx/radsav/RADSAV_0000034>
<https://github.com/bmir-radx/radsav/RADSAV_0000009>	<http://www.w3.org/2000/01/rdf-schema#subClassOf>	<https://github.com/bmir-radx/radsav/RADSAV_0000120>
<https://github.com/bmir-radx/radsav/RADSAV_0000096>	<http://www.w3.org/2000/01/rdf-schema#subClassOf>	<https://github.com/bmir-radx/radsav/RADSAV_0000009>
<https://github.com/bmir-radx/radsav/RADSAV_0000125>	<http://www.w3.org/2000/01/rdf-schema#subClassOf>	<https://github.com/bmir-radx/radsav/RADSAV_0000046>
<https://github.com/bmir-radx/radsav/RADSAV_0000078>	<http://www.w3.org/2000/01/rdf-schema#subClassOf>	<https://github.com/bmir-radx/radsav/RADSAV_0000120>
<https://github.com/bmir-radx/radsav/RADSAV_0000091>	<http://www.w3.org/2000/01/rdf-schema#subClassOf>	<https://github.com/bmir-radx/radsav/RADSAV_0000037>
<https://github.com/bmir-radx/radsav/RADSAV_0000072>	<http://www.w3.org/2000/01/rdf-schema#subClassOf>	<https://github.com/bmir-radx/radsav/RADSAV_0000047>
<https://github.com/bmir-radx/radsav/RADSAV_0000053>	<http://www.w3.org/2000/01/rdf-schema#subClassOf>	<https://github.com/bmir-radx/radsav/RADSAV_0000034>
<https://github.com/bmir-radx/radsav/RADSAV_0000066>	<http://www.w3.org/2000/01/rdf-schema#subClassOf>	<https://github.com/bmir-radx/radsav/RADSAV_0000034>
<https://github.com/bmir-radx/radsav/RADSAV_0000071>	<http://www.w3.org/2000/01/rdf-schema#subClassOf>	<https://github.com/bmir-radx/radsav/RADSAV_0000026>
<https://github.com/bmir-radx/radsav/RADSAV_0000097>	<http://www.w3.org/2000/01/rdf-schema#subClassOf>	<https://github.com/bmir-radx/radsav/RADSAV_0000133>
<https://github.com/bmir-radx/radsav/RADSAV_0000057>	<http://www.w3.org/2000/01/rdf-schema#subClassOf>	<https://github.com/bmir-radx/radsav/RADSAV_0000056>
<https://github.com/bmir-radx/radsav/RADSAV_0000022>	<http://www.w3.org/2000/01/rdf-schema#subClassOf>	<https://github.com/bmir-radx/radsav/RADSAV_0000019>
<https://github.com/bmir-radx/radsav/RADSAV_0000089>	<http://www.w3.org/2000/01/rdf-schema#subClassOf>	<https://github.com/bmir-radx/radsav/RADSAV_0000008>
<https://github.com/bmir-radx/radsav/RADSAV_0000001>	<http://www.w3.org/2000/01/rdf-schema#subClassOf>	<https://github.com/bmir-radx/radsav/RADSAV_0000003>
<https://github.com/bmir-radx/radsav/RADSAV_0000079>	<http://www.w3.org/2000/01/rdf-schema#subClassOf>	<https://github.com/bmir-radx/radsav/RADSAV_0000034>
<https://github.com/bmir-radx/radsav/RADSAV_0000130>	<http://www.w3.org/2000/01/rdf-schema#subClassOf>	<https://github.com/bmir-radx/radsav/RADSAV_0000119>
<https://github.com/bmir-radx/radsav/RADSAV_0000113>	<http://www.w3.org/2000/01/rdf-schema#subClassOf>	<https://github.com/bmir-radx/radsav/RADSAV_0000037>
<https://github.com/bmir-radx/radsav/RADSAV_0000133>	<http://www.w3.org/2000/01/rdf-schema#subClassOf>	<https://github.com/bmir-radx/radsav/RADSAV_0000052>
<https://github.com/bmir-radx/radsav/RADSAV_0000021>	<http://www.w3.org/2000/01/rdf-schema#subClassOf>	<https://github.com/bmir-radx/radsav/RADSAV_0000046>
<https://github.com/bmir-radx/radsav/RADSAV_0000126>	<http://www.w3.org/2000/01/rdf-schema#subClassOf>	<https://github.com/bmir-radx/radsav/RADSAV_0000056>
<https://github.com/bmir-radx/radsav/RADSAV_0000074>	<http://www.w3.org/2000/01/rdf-schema#subClassOf>	<https://github.com/bmir-radx/radsav/RADSAV_0000028>
<https://github.com/bmir-radx/radsav/RADSAV_0000019>	<http://www.w3.org/2000/01/rdf-schema#subClassOf>	<https://github.com/bmir-radx/radsav/RADSAV_0000029>
<https://github.com/bmir-radx/radsav/RADSAV_0000094>	<http://www.w3.org/2000/01/rdf-schema#subClassOf>	<https://github.com/bmir-radx/radsav/RADSAV_0000028>
<https://github.com/bmir-radx/radsav/RADSAV_0000132>	<http://www.w3.org/2000/01/rdf-schema#subClassOf>	<https://github.com/bmir-radx/radsav/RADSAV_0000037>
<https://github.com/bmir-radx/radsav/RADSAV_0000083>	<http://www.w3.org/2000/01/rdf-schema#subClassOf>	<https://github.com/bmir-radx/radsav/RADSAV_0000037>
<https://github.com/bmir-radx/radsav/RADSAV_0000055>	<http://www.w3.org/2000/01/rdf-schema#subClassOf>	<https://github.com/bmir-radx/radsav/RADSAV_0000009>
